{
  "className": "UIGradient",
  "properties": {
    "Color": [{
        "time": 0.0,
        "color": [0.63529414, 0.63529414, 0.63529414]
      }, {
        "time": 1.0,
        "color": [0.63529414, 0.63529414, 0.63529414]
      }]
  }
}
